,from,to,method,action,result
0,X0,X5,GET,req,
1,X5,X19,GET,req,
2,X5,X19,GET,resp,2xx
3,X0,X5,GET,resp,2xx
4,X0,X5,GET,req,
5,X5,X15,GET,req,
6,X15,X13,GET,req,
7,X13,X17,GET,req,
8,X13,X17,GET,resp,2xx
9,X15,X13,GET,resp,2xx
10,X5,X15,GET,resp,2xx
11,X0,X5,GET,resp,2xx
12,X0,X5,GET,req,
13,X5,X15,GET,req,
14,X15,X18,GET,req,
15,X15,X18,GET,resp,2xx
16,X5,X15,GET,resp,2xx
17,X0,X5,GET,resp,2xx
18,X0,X5,GET,req,
19,X5,X19,GET,req,
20,X5,X19,GET,resp,2xx
21,X0,X5,GET,resp,2xx
22,X0,X5,GET,req,
23,X5,X15,GET,req,
24,X15,X9,GET,req,
25,X9,X14,GET,req,
26,X14,X8,GET,req,
27,X8,X22,GET,req,
28,X22,X3,GET,req,
29,X3,X1,GET,req,
30,X3,X1,GET,resp,2xx
31,X22,X3,GET,resp,2xx
32,X8,X22,GET,resp,2xx
33,X14,X8,GET,resp,2xx
34,X9,X14,GET,resp,2xx
35,X15,X9,GET,resp,2xx
36,X5,X15,GET,resp,2xx
37,X0,X5,GET,resp,2xx
38,X0,X5,GET,req,
39,X5,X15,GET,req,
40,X15,X9,GET,req,
41,X9,X14,GET,req,
42,X14,X8,GET,req,
43,X8,X22,GET,req,
44,X22,X3,GET,req,
45,X3,X1,GET,req,
46,X3,X1,GET,resp,2xx
47,X22,X3,GET,resp,2xx
48,X8,X22,GET,resp,2xx
49,X14,X8,GET,resp,2xx
50,X9,X14,GET,resp,2xx
51,X15,X9,GET,resp,2xx
52,X5,X15,GET,resp,2xx
53,X0,X5,GET,resp,2xx
54,X0,X5,GET,req,
55,X5,X19,GET,req,
56,X5,X19,GET,resp,2xx
57,X0,X5,GET,resp,2xx
58,X0,X5,GET,req,
59,X5,X19,GET,req,
60,X5,X19,GET,resp,2xx
61,X0,X5,GET,resp,2xx
62,X0,X5,GET,req,
63,X5,X19,GET,req,
64,X5,X19,GET,resp,2xx
65,X0,X5,GET,resp,2xx
66,X0,X5,GET,req,
67,X5,X19,GET,req,
68,X5,X19,GET,resp,2xx
69,X0,X5,GET,resp,2xx
70,X0,X5,GET,req,
71,X5,X15,GET,req,
72,X15,X9,GET,req,
73,X9,X14,GET,req,
74,X14,X8,GET,req,
75,X8,X6,GET,req,
76,X6,X7,GET,req,
77,X7,X12,GET,req,
78,X12,X11,GET,req,
79,X12,X11,GET,resp,2xx
80,X7,X12,GET,resp,2xx
81,X6,X7,GET,resp,2xx
82,X8,X6,GET,resp,2xx
83,X14,X8,GET,resp,2xx
84,X9,X14,GET,resp,2xx
85,X15,X9,GET,resp,2xx
86,X5,X15,GET,resp,2xx
87,X0,X5,GET,resp,2xx
88,X0,X5,GET,req,
89,X5,X15,GET,req,
90,X15,X9,GET,req,
91,X9,X14,GET,req,
92,X14,X4,GET,req,
93,X14,X4,GET,resp,2xx
94,X9,X14,GET,resp,2xx
95,X15,X9,GET,resp,2xx
96,X5,X15,GET,resp,2xx
97,X0,X5,GET,resp,2xx
98,X0,X5,GET,req,
99,X5,X15,GET,req,
100,X15,X9,GET,req,
101,X9,X14,GET,req,
102,X14,X4,GET,req,
103,X14,X4,GET,resp,2xx
104,X9,X14,GET,resp,2xx
105,X15,X9,GET,resp,2xx
106,X5,X15,GET,resp,2xx
107,X0,X5,GET,resp,2xx
108,X0,X5,GET,req,
109,X5,X19,GET,req,
110,X5,X19,GET,resp,2xx
111,X0,X5,GET,resp,2xx
112,X0,X5,GET,req,
113,X5,X15,GET,req,
114,X15,X9,GET,req,
115,X9,X14,GET,req,
116,X14,X4,GET,req,
117,X14,X4,GET,resp,2xx
118,X9,X14,GET,resp,2xx
119,X15,X9,GET,resp,2xx
120,X5,X15,GET,resp,2xx
121,X0,X5,GET,resp,2xx
122,X0,X5,GET,req,
123,X5,X15,GET,req,
124,X15,X9,GET,req,
125,X9,X14,GET,req,
126,X14,X4,GET,req,
127,X14,X4,GET,resp,2xx
128,X9,X14,GET,resp,2xx
129,X15,X9,GET,resp,2xx
130,X5,X15,GET,resp,2xx
131,X0,X5,GET,resp,2xx
132,X0,X5,GET,req,
133,X5,X15,GET,req,
134,X15,X13,GET,req,
135,X13,X17,GET,req,
136,X13,X17,GET,resp,5xx
137,X13,X17,GET,req,
138,X13,X17,GET,resp,5xx
139,X13,X17,GET,req,
140,X13,X17,GET,resp,2xx
141,X15,X13,GET,resp,2xx
142,X5,X15,GET,resp,2xx
143,X0,X5,GET,resp,2xx
144,X0,X5,GET,req,
145,X5,X19,GET,req,
146,X5,X19,GET,resp,2xx
147,X0,X5,GET,resp,2xx
148,X0,X5,GET,req,
149,X5,X19,GET,req,
150,X5,X19,GET,resp,2xx
151,X0,X5,GET,resp,2xx
152,X0,X5,GET,req,
153,X5,X15,GET,req,
154,X15,X18,GET,req,
155,X15,X18,GET,resp,2xx
156,X5,X15,GET,resp,2xx
157,X0,X5,GET,resp,2xx
158,X0,X5,GET,req,
159,X5,X15,GET,req,
160,X15,X18,GET,req,
161,X15,X18,GET,resp,2xx
162,X5,X15,GET,resp,2xx
163,X0,X5,GET,resp,2xx
164,X0,X5,GET,req,
165,X5,X19,GET,req,
166,X5,X19,GET,resp,5xx
167,X5,X19,GET,req,
168,X5,X19,GET,resp,2xx
169,X0,X5,GET,resp,2xx
170,X0,X5,GET,req,
171,X5,X15,GET,req,
172,X15,X9,GET,req,
173,X9,X14,GET,req,
174,X14,X4,GET,req,
175,X14,X4,GET,resp,2xx
176,X9,X14,GET,resp,2xx
177,X15,X9,GET,resp,2xx
178,X5,X15,GET,resp,2xx
179,X0,X5,GET,resp,2xx
180,X0,X5,GET,req,
181,X5,X15,GET,req,
182,X15,X9,GET,req,
183,X9,X14,GET,req,
184,X14,X4,GET,req,
185,X14,X4,GET,resp,2xx
186,X9,X14,GET,resp,2xx
187,X15,X9,GET,resp,2xx
188,X5,X15,GET,resp,2xx
189,X0,X5,GET,resp,2xx
190,X0,X5,GET,req,
191,X5,X15,GET,req,
192,X15,X18,GET,req,
193,X15,X18,GET,resp,2xx
194,X5,X15,GET,resp,2xx
195,X0,X5,GET,resp,2xx
196,X0,X5,GET,req,
197,X5,X19,GET,req,
198,X5,X19,GET,resp,2xx
199,X0,X5,GET,resp,2xx
200,X0,X5,GET,req,
201,X5,X19,GET,req,
202,X5,X19,GET,resp,5xx
203,X5,X19,GET,req,
204,X5,X19,GET,resp,2xx
205,X0,X5,GET,resp,2xx
206,X0,X5,GET,req,
207,X5,X15,GET,req,
208,X15,X18,GET,req,
209,X15,X18,GET,resp,2xx
210,X5,X15,GET,resp,2xx
211,X0,X5,GET,resp,2xx
212,X0,X5,GET,req,
213,X5,X15,GET,req,
214,X15,X18,GET,req,
215,X15,X18,GET,resp,2xx
216,X5,X15,GET,resp,2xx
217,X0,X5,GET,resp,2xx
218,X0,X5,GET,req,
219,X5,X15,GET,req,
220,X15,X9,GET,req,
221,X9,X14,GET,req,
222,X14,X8,GET,req,
223,X8,X6,GET,req,
224,X6,X7,GET,req,
225,X7,X12,GET,req,
226,X12,X11,GET,req,
227,X12,X11,GET,resp,2xx
228,X7,X12,GET,resp,2xx
229,X6,X7,GET,resp,2xx
230,X8,X6,GET,resp,2xx
231,X14,X8,GET,resp,2xx
232,X9,X14,GET,resp,2xx
233,X15,X9,GET,resp,2xx
234,X5,X15,GET,resp,2xx
235,X0,X5,GET,resp,2xx
236,X0,X5,GET,req,
237,X5,X19,GET,req,
238,X5,X19,GET,resp,5xx
239,X5,X19,GET,req,
240,X5,X19,GET,resp,2xx
241,X0,X5,GET,resp,2xx
242,X0,X5,GET,req,
243,X5,X19,GET,req,
244,X5,X19,GET,resp,2xx
245,X0,X5,GET,resp,2xx
246,X0,X5,GET,req,
247,X5,X19,GET,req,
248,X5,X19,GET,resp,5xx
249,X5,X19,GET,req,
250,X5,X19,GET,resp,5xx
251,X5,X19,GET,req,
252,X5,X19,GET,resp,2xx
253,X0,X5,GET,resp,2xx
254,X0,X5,GET,req,
255,X5,X15,GET,req,
256,X15,X18,GET,req,
257,X15,X18,GET,resp,2xx
258,X5,X15,GET,resp,2xx
259,X0,X5,GET,resp,2xx
260,X0,X5,GET,req,
261,X5,X19,GET,req,
262,X5,X19,GET,resp,2xx
263,X0,X5,GET,resp,2xx
264,X0,X5,GET,req,
265,X5,X15,GET,req,
266,X15,X9,GET,req,
267,X9,X14,GET,req,
268,X14,X8,GET,req,
269,X8,X6,GET,req,
270,X6,X20,GET,req,
271,X20,X17,GET,req,
272,X20,X17,GET,resp,2xx
273,X6,X20,GET,resp,2xx
274,X8,X6,GET,resp,2xx
275,X14,X8,GET,resp,2xx
276,X9,X14,GET,resp,2xx
277,X15,X9,GET,resp,2xx
278,X5,X15,GET,resp,2xx
279,X0,X5,GET,resp,2xx
280,X0,X5,GET,req,
281,X5,X15,GET,req,
282,X15,X9,GET,req,
283,X9,X14,GET,req,
284,X14,X8,GET,req,
285,X8,X6,GET,req,
286,X6,X7,GET,req,
287,X7,X12,GET,req,
288,X12,X11,GET,req,
289,X12,X11,GET,resp,2xx
290,X7,X12,GET,resp,2xx
291,X6,X7,GET,resp,2xx
292,X8,X6,GET,resp,2xx
293,X14,X8,GET,resp,2xx
294,X9,X14,GET,resp,2xx
295,X15,X9,GET,resp,2xx
296,X5,X15,GET,resp,2xx
297,X0,X5,GET,resp,2xx
298,X0,X5,GET,req,
299,X5,X19,GET,req,
300,X5,X19,GET,resp,2xx
301,X0,X5,GET,resp,2xx
302,X0,X5,GET,req,
303,X5,X19,GET,req,
304,X5,X19,GET,resp,2xx
305,X0,X5,GET,resp,2xx
306,X0,X5,GET,req,
307,X5,X19,GET,req,
308,X5,X19,GET,resp,2xx
309,X0,X5,GET,resp,2xx
310,X0,X5,GET,req,
311,X5,X19,GET,req,
312,X5,X19,GET,resp,5xx
313,X5,X19,GET,req,
314,X5,X19,GET,resp,2xx
315,X0,X5,GET,resp,2xx
316,X0,X5,GET,req,
317,X5,X15,GET,req,
318,X15,X9,GET,req,
319,X9,X14,GET,req,
320,X14,X4,GET,req,
321,X14,X4,GET,resp,2xx
322,X9,X14,GET,resp,2xx
323,X15,X9,GET,resp,2xx
324,X5,X15,GET,resp,2xx
325,X0,X5,GET,resp,2xx
326,X0,X5,GET,req,
327,X5,X19,GET,req,
328,X5,X19,GET,resp,2xx
329,X0,X5,GET,resp,2xx
330,X0,X5,GET,req,
331,X5,X15,GET,req,
332,X15,X9,GET,req,
333,X9,X14,GET,req,
334,X14,X4,GET,req,
335,X14,X4,GET,resp,2xx
336,X9,X14,GET,resp,2xx
337,X15,X9,GET,resp,2xx
338,X5,X15,GET,resp,2xx
339,X0,X5,GET,resp,2xx
340,X0,X5,GET,req,
341,X5,X15,GET,req,
342,X15,X18,GET,req,
343,X15,X18,GET,resp,2xx
344,X5,X15,GET,resp,2xx
345,X0,X5,GET,resp,2xx
346,X0,X5,GET,req,
347,X5,X15,GET,req,
348,X15,X13,GET,req,
349,X13,X17,GET,req,
350,X13,X17,GET,resp,5xx
351,X13,X17,GET,req,
352,X13,X17,GET,resp,5xx
353,X13,X17,GET,req,
354,X13,X17,GET,resp,2xx
355,X15,X13,GET,resp,2xx
356,X5,X15,GET,resp,2xx
357,X0,X5,GET,resp,2xx
358,X0,X5,GET,req,
359,X5,X19,GET,req,
360,X5,X19,GET,resp,2xx
361,X0,X5,GET,resp,2xx
362,X0,X5,GET,req,
363,X5,X15,GET,req,
364,X15,X13,GET,req,
365,X13,X17,GET,req,
366,X13,X17,GET,resp,5xx
367,X13,X17,GET,req,
368,X13,X17,GET,resp,2xx
369,X15,X13,GET,resp,2xx
370,X5,X15,GET,resp,2xx
371,X0,X5,GET,resp,2xx
372,X0,X5,GET,req,
373,X5,X15,GET,req,
374,X15,X18,GET,req,
375,X15,X18,GET,resp,2xx
376,X5,X15,GET,resp,2xx
377,X0,X5,GET,resp,2xx
378,X0,X5,GET,req,
379,X5,X15,GET,req,
380,X15,X13,GET,req,
381,X13,X17,GET,req,
382,X13,X17,GET,resp,2xx
383,X15,X13,GET,resp,2xx
384,X5,X15,GET,resp,2xx
385,X0,X5,GET,resp,2xx
386,X0,X5,GET,req,
387,X5,X15,GET,req,
388,X15,X9,GET,req,
389,X9,X14,GET,req,
390,X14,X4,GET,req,
391,X14,X4,GET,resp,2xx
392,X9,X14,GET,resp,2xx
393,X15,X9,GET,resp,2xx
394,X5,X15,GET,resp,2xx
395,X0,X5,GET,resp,2xx
396,X0,X5,GET,req,
397,X5,X15,GET,req,
398,X15,X9,GET,req,
399,X9,X14,GET,req,
400,X14,X4,GET,req,
401,X14,X4,GET,resp,2xx
402,X9,X14,GET,resp,2xx
403,X15,X9,GET,resp,2xx
404,X5,X15,GET,resp,2xx
405,X0,X5,GET,resp,2xx
406,X0,X5,GET,req,
407,X5,X19,GET,req,
408,X5,X19,GET,resp,2xx
409,X0,X5,GET,resp,2xx
410,X0,X5,GET,req,
411,X5,X15,GET,req,
412,X15,X9,GET,req,
413,X9,X14,GET,req,
414,X14,X4,GET,req,
415,X14,X4,GET,resp,2xx
416,X9,X14,GET,resp,2xx
417,X15,X9,GET,resp,2xx
418,X5,X15,GET,resp,2xx
419,X0,X5,GET,resp,2xx
420,X0,X5,GET,req,
421,X5,X19,GET,req,
422,X5,X19,GET,resp,2xx
423,X0,X5,GET,resp,2xx
424,X0,X5,GET,req,
425,X5,X15,GET,req,
426,X15,X9,GET,req,
427,X9,X14,GET,req,
428,X14,X8,GET,req,
429,X8,X22,GET,req,
430,X22,X3,GET,req,
431,X3,X1,GET,req,
432,X3,X1,GET,resp,5xx
433,X3,X1,GET,req,
434,X3,X1,GET,resp,2xx
435,X22,X3,GET,resp,2xx
436,X8,X22,GET,resp,2xx
437,X14,X8,GET,resp,2xx
438,X9,X14,GET,resp,2xx
439,X15,X9,GET,resp,2xx
440,X5,X15,GET,resp,2xx
441,X0,X5,GET,resp,2xx
442,X0,X5,GET,req,
443,X5,X19,GET,req,
444,X5,X19,GET,resp,2xx
445,X0,X5,GET,resp,2xx
446,X0,X5,GET,req,
447,X5,X15,GET,req,
448,X15,X9,GET,req,
449,X9,X14,GET,req,
450,X14,X8,GET,req,
451,X8,X22,GET,req,
452,X22,X3,GET,req,
453,X3,X16,GET,req,
454,X16,X21,GET,req,
455,X21,X2,GET,req,
456,X21,X2,GET,resp,2xx
457,X16,X21,GET,resp,2xx
